CNT_CHILDREN,Ratio
0,0.6693191444807204
1,0.21568832751120798
2,0.09911573496797038
3,0.013763694685843193
4,0.0016181383793868207
5,3.1410921482214756E-4
6,1.0470307160738252E-4
7,3.807384422086637E-5
8,9.518461055216593E-6
9,9.518461055216593E-6
11,9.518461055216593E-6
14,9.518461055216593E-6
